postcode,region,seifa_irsd_decile,median_weekly_household_income,pct_aged_65_plus,population
3000,Metropolitan,9,2744.0,14.8,12806
3001,Metropolitan,7,2137.0,18.8,27954
3005,Metropolitan,5,1678.0,16.1,10440
3006,Metropolitan,2,1478.0,18.0,21331
3007,Metropolitan,5,2011.0,20.8,9478
3008,Metropolitan,8,2236.0,7.8,10556
3009,Metropolitan,10,2640.0,11.0,15530
3012,Metropolitan,7,2160.0,12.6,5500
3014,Metropolitan,9,2473.0,13.1,8584
3015,Metropolitan,4,1505.0,12.6,23838
3016,Metropolitan,10,2562.0,16.7,9665
3017,Metropolitan,10,2948.0,10.8,6518
3018,Metropolitan,7,2108.0,11.6,6178
3019,Metropolitan,7,2117.0,15.5,15247
3021,Metropolitan,10,2784.0,10.4,10406
3022,Metropolitan,5,1783.0,10.8,14952
3024,Metropolitan,10,2610.0,8.4,2733
3025,Metropolitan,10,2565.0,12.5,8976
3028,Metropolitan,10,2755.0,16.5,9069
3029,Metropolitan,10,2715.0,15.8,22615
3031,Metropolitan,8,2485.0,15.1,24363
3034,Metropolitan,9,2469.0,13.7,21328
3036,Metropolitan,8,2507.0,11.6,4336
3037,Metropolitan,6,2029.0,13.8,23789
3038,Metropolitan,10,2627.0,8.7,29382
3040,Metropolitan,1,1215.0,16.2,8901
3041,Metropolitan,5,1882.0,18.0,16907
3042,Metropolitan,10,2724.0,7.3,18445
3043,Metropolitan,10,2600.0,17.6,11172
3045,Metropolitan,5,1829.0,6.9,15458
3046,Metropolitan,10,2667.0,10.3,8832
3047,Metropolitan,9,2609.0,9.5,15716
3048,Metropolitan,9,2675.0,10.8,13242
3049,Metropolitan,8,2451.0,12.3,16788
3051,Metropolitan,7,2270.0,18.2,44440
3052,Metropolitan,1,1293.0,12.1,7623
3053,Metropolitan,6,2159.0,10.9,29155
3055,Metropolitan,6,1964.0,11.6,15205
3056,Metropolitan,3,1361.0,13.1,14507
3057,Metropolitan,3,1520.0,12.8,4059
3058,Metropolitan,5,2022.0,9.8,25783
3060,Metropolitan,7,2031.0,14.7,7198
3061,Metropolitan,9,2406.0,12.8,8187
3062,Metropolitan,8,2359.0,17.0,12252
3064,Metropolitan,8,2285.0,17.8,11864
3065,Metropolitan,9,2641.0,7.8,8585
3066,Metropolitan,10,2701.0,18.4,34453
3067,Metropolitan,7,2282.0,15.6,21586
3070,Metropolitan,8,2387.0,18.0,61354
3071,Metropolitan,10,2740.0,12.6,9279
3073,Metropolitan,3,1360.0,17.3,9043
3075,Metropolitan,8,2274.0,15.5,47225
3076,Metropolitan,9,2286.0,17.9,6809
3080,Metropolitan,7,2089.0,11.7,17256
3081,Metropolitan,9,2456.0,11.1,12187
3082,Metropolitan,10,2733.0,12.1,12535
3083,Metropolitan,9,2384.0,18.0,6274
3084,Metropolitan,8,2565.0,18.9,9765
3085,Metropolitan,9,2668.0,9.4,47589
3086,Metropolitan,9,2400.0,15.2,16204
3087,Metropolitan,6,1791.0,14.1,36486
3088,Metropolitan,1,970.0,14.9,10106
3089,Metropolitan,10,2729.0,14.9,16043
3093,Metropolitan,7,2033.0,20.4,21828
3095,Metropolitan,6,1977.0,16.3,21641
3096,Metropolitan,5,1909.0,12.9,13215
3097,Metropolitan,7,2229.0,11.7,15425
3099,Metropolitan,8,2440.0,15.4,28554
3100,Metropolitan,7,2028.0,14.9,17967
3101,Metropolitan,6,2091.0,18.2,5119
3106,Metropolitan,3,1585.0,20.1,10285
3107,Metropolitan,10,2806.0,14.0,7637
3108,Metropolitan,1,1261.0,17.9,5365
3109,Metropolitan,10,2539.0,19.0,24074
3112,Metropolitan,2,1040.0,20.1,28201
3115,Metropolitan,7,2226.0,10.9,9335
3116,Metropolitan,9,2714.0,8.4,12259
3117,Metropolitan,9,2430.0,8.6,48666
3119,Metropolitan,9,2429.0,7.3,13495
3120,Metropolitan,3,1524.0,16.6,14086
3123,Metropolitan,10,2823.0,8.7,17897
3124,Metropolitan,8,2441.0,16.1,32436
3125,Metropolitan,10,2551.0,10.2,20074
3126,Metropolitan,10,2641.0,16.5,28269
3129,Metropolitan,9,2455.0,15.6,8324
3130,Metropolitan,9,2592.0,14.0,24943
3131,Metropolitan,10,2784.0,14.7,14136
3132,Metropolitan,9,2417.0,8.9,9190
3133,Metropolitan,8,2256.0,5.0,20746
3135,Metropolitan,8,2388.0,11.7,68349
3137,Metropolitan,8,2327.0,15.2,16983
3138,Metropolitan,8,2261.0,9.0,27708
3139,Metropolitan,8,2299.0,15.9,12739
3140,Metropolitan,1,1236.0,17.8,5887
3141,Metropolitan,4,1631.0,15.2,20721
3145,Metropolitan,7,2169.0,14.8,8156
3146,Metropolitan,6,1921.0,13.9,13054
3147,Metropolitan,9,2595.0,13.8,48470
3149,Metropolitan,10,2631.0,8.5,5070
3152,Metropolitan,5,1875.0,18.2,18534
3153,Metropolitan,9,2544.0,14.5,20340
3156,Metropolitan,6,1967.0,16.1,18124
3157,Metropolitan,9,2424.0,10.6,10516
3158,Metropolitan,3,1495.0,9.9,16726
3160,Metropolitan,8,2317.0,17.9,8443
3162,Metropolitan,8,2475.0,8.4,37885
3163,Metropolitan,10,2592.0,11.8,16479
3164,Metropolitan,3,1595.0,14.7,32952
3165,Metropolitan,8,2499.0,14.4,12571
3166,Metropolitan,10,2773.0,14.1,25201
3168,Metropolitan,9,2614.0,13.2,22652
3169,Metropolitan,4,1644.0,9.7,7540
3171,Metropolitan,10,2749.0,12.0,38760
3172,Metropolitan,5,1900.0,14.1,75850
3175,Metropolitan,3,1313.0,16.9,28401
3176,Metropolitan,3,1467.0,15.9,6694
3177,Metropolitan,9,2381.0,17.2,9051
3178,Metropolitan,10,2473.0,15.9,3942
3179,Metropolitan,10,2694.0,8.5,9220
3180,Metropolitan,9,2580.0,13.5,43433
3181,Metropolitan,10,2617.0,14.5,27898
3182,Metropolitan,10,2759.0,11.2,8411
3183,Metropolitan,8,2426.0,18.9,7021
3185,Metropolitan,8,2369.0,11.6,10156
3187,Metropolitan,10,2639.0,8.4,28728
3188,Metropolitan,7,2269.0,7.7,20154
3189,Metropolitan,5,2060.0,12.8,36764
3190,Metropolitan,10,2453.0,11.4,10196
3191,Metropolitan,2,1426.0,14.1,16152
3192,Metropolitan,8,2220.0,5.8,9780
3193,Metropolitan,10,2801.0,13.0,13325
3194,Metropolitan,9,2649.0,17.3,12450
3196,Metropolitan,8,2311.0,11.4,12558
3198,Metropolitan,7,2138.0,16.0,21366
3199,Metropolitan,5,1847.0,12.4,11298
3200,Metropolitan,8,2374.0,10.8,13775
3201,Metropolitan,9,2506.0,18.1,8802
3204,Metropolitan,8,2497.0,16.2,30962
3205,Metropolitan,9,2342.0,16.5,42265
3206,Metropolitan,10,2640.0,21.3,48644
3207,Metropolitan,8,2438.0,13.7,24537
3208,Metropolitan,9,2495.0,13.4,14738
3209,Metropolitan,10,2670.0,13.6,8618
3210,Regional,8,2174.0,25.8,3257
3212,Regional,4,1644.0,25.3,5850
3214,Regional,9,2463.0,17.3,2912
3215,Regional,5,1541.0,18.8,9686
3216,Regional,9,2243.0,21.8,7133
3218,Regional,7,1990.0,22.8,2742
3219,Regional,8,2193.0,22.4,5389
3221,Regional,1,1129.0,24.8,10221
3222,Regional,8,2196.0,20.1,12287
3224,Regional,5,1859.0,23.8,7012
3227,Regional,1,1244.0,25.1,9030
3228,Regional,1,916.0,19.7,7498
3230,Regional,1,1041.0,18.4,4717
3231,Regional,4,1654.0,22.8,6776
3232,Regional,1,1048.0,21.4,6684
3234,Regional,3,1402.0,17.2,4380
3235,Regional,1,966.0,25.6,7200
3236,Regional,1,954.0,24.3,6134
3237,Regional,1,1045.0,27.7,7808
3240,Regional,1,1140.0,22.7,6263
3241,Regional,8,2085.0,21.0,6182
3242,Regional,5,1684.0,16.6,2111
3243,Regional,5,1917.0,26.6,25350
3244,Regional,10,2528.0,22.3,9569
3245,Regional,4,1551.0,25.1,8076
3248,Regional,9,2477.0,19.6,17835
3249,Regional,5,1770.0,21.4,11292
3250,Regional,3,1343.0,23.4,8290
3251,Regional,5,1675.0,19.0,9229
3253,Regional,3,1545.0,19.5,16876
3254,Regional,2,1078.0,29.5,7297
3255,Regional,1,859.0,24.0,2789
3256,Regional,8,2345.0,18.3,2534
3257,Regional,3,1513.0,17.2,14251
3259,Regional,7,1926.0,16.9,5543
3260,Regional,3,1468.0,23.4,8606
3261,Regional,1,1066.0,19.5,5927
3262,Regional,4,1520.0,18.1,8151
3264,Regional,1,1037.0,22.1,3764
3265,Regional,6,2096.0,22.6,8257
3267,Regional,3,1454.0,26.7,1605
3268,Regional,7,2115.0,18.1,5287
3269,Regional,1,1087.0,20.4,2772
3271,Regional,1,954.0,24.1,6236
3275,Regional,1,987.0,21.1,6576
3276,Regional,9,2368.0,23.3,5666
3277,Regional,2,1090.0,20.9,6784
3282,Regional,4,1599.0,17.2,2164
3283,Regional,3,1503.0,19.7,3252
3284,Regional,2,1184.0,17.0,5440
3285,Regional,1,927.0,20.9,7769
3286,Regional,4,1441.0,23.6,7203
3287,Regional,3,1557.0,22.4,2217
3289,Regional,9,2315.0,20.0,13390
3290,Regional,7,1899.0,16.5,5747
3291,Regional,7,1867.0,18.3,16147
3292,Regional,1,969.0,21.4,9210
3295,Regional,3,1511.0,23.0,12247
3298,Regional,1,1176.0,31.6,8414
3300,Regional,7,2116.0,18.6,4644
3301,Regional,2,1107.0,25.8,5233
3302,Regional,3,1465.0,18.1,10296
3303,Regional,2,1172.0,18.8,4935
3304,Regional,1,1099.0,15.9,1959
3305,Regional,9,2648.0,17.6,6096
3306,Regional,4,1509.0,25.5,7044
3308,Regional,3,1203.0,22.1,7980
3310,Regional,6,2106.0,25.5,9257
3311,Regional,4,1518.0,20.1,20180
3313,Regional,7,2026.0,24.7,2485
3314,Regional,7,1851.0,19.0,17551
3315,Regional,1,1117.0,25.8,9351
3316,Regional,4,1665.0,27.6,6045
3318,Regional,1,1059.0,21.9,2704
3319,Regional,3,1500.0,17.4,6345
3320,Regional,3,1321.0,28.6,8699
3321,Regional,7,2211.0,17.9,5919
3322,Regional,2,1292.0,20.5,4589
3323,Regional,4,1751.0,20.8,4230
3324,Regional,3,1169.0,25.3,3763
3326,Regional,7,1900.0,23.4,8893
3327,Regional,7,2157.0,23.2,8527
3328,Regional,1,1075.0,21.8,10743
3329,Regional,7,1940.0,20.3,3797
3330,Regional,1,1042.0,25.6,13470
3332,Regional,5,1822.0,27.4,26781
3333,Regional,1,1168.0,18.4,6413
3335,Regional,1,1063.0,27.1,12010
3336,Regional,9,2403.0,23.7,2732
3337,Regional,7,2108.0,23.3,25164
3338,Regional,3,1366.0,19.7,8801
3339,Regional,2,1431.0,22.8,12647
3341,Regional,2,1151.0,23.9,7199
3343,Regional,2,1204.0,20.3,2336
3344,Regional,3,1349.0,26.3,8116
3345,Regional,1,1218.0,21.2,6011
3346,Regional,2,1138.0,27.9,10497
3347,Regional,1,1138.0,17.6,3652
3348,Regional,1,1025.0,18.0,980
3349,Regional,7,1997.0,14.4,5775
3350,Regional,5,1461.0,24.1,4930
3354,Regional,6,1874.0,18.2,9344
3359,Regional,5,1912.0,18.8,3599
3361,Regional,2,1117.0,25.7,4796
3362,Regional,5,1359.0,27.7,4825
3364,Regional,8,2256.0,18.1,3875
3365,Regional,8,2076.0,25.5,8438
3366,Regional,3,1156.0,24.1,5093
3368,Regional,8,2156.0,20.7,4483
3373,Regional,6,1717.0,17.1,3996
3375,Regional,2,1323.0,17.6,5019
3376,Regional,4,1562.0,22.1,15149
3377,Regional,2,1270.0,23.0,5225
3378,Regional,2,1120.0,20.1,4061
3379,Regional,4,1523.0,18.4,6423
3380,Regional,5,1637.0,17.0,9738
3381,Regional,1,1055.0,24.1,6063
3385,Regional,2,924.0,24.9,7738
3386,Regional,3,1357.0,24.7,8821
3387,Regional,2,1314.0,24.7,9496
3388,Regional,6,2075.0,19.4,6910
3389,Regional,2,1290.0,28.1,2631
3391,Regional,4,1547.0,18.4,5624
3392,Regional,7,1835.0,23.0,4086
3394,Regional,8,2228.0,19.3,9346
3395,Regional,1,784.0,18.9,13021
3396,Regional,2,1082.0,20.2,4820
3397,Regional,2,1164.0,24.4,9399
3398,Regional,3,1326.0,26.0,7548
3402,Regional,2,1295.0,23.6,5258
3403,Regional,6,1835.0,11.0,13921
3404,Regional,3,1208.0,24.8,4580
3405,Regional,1,961.0,15.4,4001
3406,Regional,2,1098.0,29.3,3580
3407,Regional,2,1319.0,23.3,11322
3408,Regional,6,1692.0,21.8,3857
3409,Regional,1,960.0,26.3,3828
3410,Regional,1,1128.0,21.8,11433
3413,Regional,5,1595.0,20.7,7426
3414,Regional,1,1064.0,21.5,5475
3417,Regional,6,1872.0,21.8,3609
3420,Regional,1,977.0,23.1,6913
3421,Regional,5,1487.0,22.4,3182
3422,Regional,3,1362.0,10.6,6749
3426,Regional,1,956.0,22.5,6554
3428,Regional,5,1732.0,16.0,5754
3429,Regional,1,844.0,32.4,6726
3430,Regional,6,1931.0,24.1,8659
3431,Regional,8,2288.0,24.0,2044
3433,Regional,2,1357.0,24.2,3212
3434,Regional,4,1471.0,24.3,9257
3438,Regional,6,1785.0,18.2,5481
3440,Regional,2,1297.0,25.3,9969
3442,Regional,4,1403.0,24.9,16550
3443,Regional,1,916.0,23.5,15187
3445,Regional,2,1152.0,25.2,10848
3446,Regional,2,1053.0,26.3,6392
3447,Regional,5,1872.0,21.7,12217
3449,Regional,5,1814.0,17.7,4216
3450,Regional,5,1438.0,24.5,6784
3452,Regional,8,1952.0,26.1,5178
3453,Regional,9,2301.0,16.3,4565
3454,Regional,1,1079.0,26.9,3888
3455,Regional,5,1782.0,22.6,7780
3456,Regional,2,1359.0,24.7,2420
3457,Regional,2,1224.0,25.5,1899
3458,Regional,7,1911.0,17.3,10949
3462,Regional,4,1580.0,23.0,7688
3464,Regional,3,1221.0,25.8,9857
3466,Regional,2,1089.0,27.5,5617
3467,Regional,6,1677.0,24.4,7991
3469,Regional,7,1932.0,17.8,4498
3471,Regional,5,1625.0,22.4,4420
3472,Regional,6,1801.0,20.5,3095
3475,Regional,1,1232.0,23.1,17518
3477,Regional,2,1202.0,26.5,3403
3478,Regional,3,1402.0,17.4,15361
3479,Regional,6,1889.0,23.2,2930
3480,Regional,1,1210.0,24.4,3515
3481,Regional,2,1076.0,19.2,12451
3482,Regional,9,2470.0,24.4,8507
3483,Regional,1,917.0,20.8,7697
3484,Regional,6,1853.0,21.5,3464
3485,Regional,3,1419.0,13.2,10700
3486,Regional,8,2048.0,24.7,3606
3487,Regional,1,974.0,21.9,7209
3488,Regional,6,1871.0,20.3,3918
3489,Regional,9,2441.0,25.6,15126
3491,Regional,6,1843.0,14.6,7634
3494,Regional,3,1698.0,25.3,13397
3495,Regional,9,2606.0,24.2,5488
3496,Regional,7,1776.0,14.1,3937
3497,Regional,5,1714.0,22.6,2665
3500,Regional,2,1256.0,21.2,6996
3502,Regional,6,1911.0,17.7,12237
3503,Regional,8,2377.0,16.2,8270
3504,Regional,5,1357.0,24.2,3939
3507,Regional,3,1231.0,26.4,4603
3508,Regional,10,2735.0,16.2,4605
3511,Regional,1,1166.0,19.5,5911
3513,Regional,2,1464.0,25.5,9104
3514,Regional,9,2579.0,29.0,6533
3516,Regional,5,1546.0,16.2,9197
3518,Regional,1,1144.0,17.7,7828
3519,Regional,4,1496.0,18.1,3282
3520,Regional,10,2575.0,16.4,6359
3522,Regional,8,2217.0,24.9,3311
3523,Regional,2,1134.0,18.9,6367
3525,Regional,2,1130.0,30.5,7800
3526,Regional,2,1283.0,24.2,3782
3529,Regional,2,1125.0,26.2,2739
3530,Regional,2,1216.0,24.8,6827
3533,Regional,2,1248.0,18.9,5607
3534,Regional,6,1806.0,16.4,12046
3535,Regional,4,1496.0,25.4,4075
3536,Regional,2,1328.0,26.9,15968
3537,Regional,7,1836.0,22.6,8908
3539,Regional,3,1279.0,22.3,2450
3540,Regional,1,859.0,23.3,4031
3541,Regional,5,1726.0,22.5,6129
3543,Regional,1,1344.0,18.0,5609
3544,Regional,1,873.0,23.1,3546
3545,Regional,6,2017.0,21.4,2038
3548,Regional,2,1360.0,16.2,5006
3549,Regional,5,1443.0,12.0,5265
3550,Regional,3,1199.0,21.4,8479
3552,Regional,10,2547.0,12.8,6745
3553,Regional,1,901.0,14.4,3170
3555,Regional,10,2583.0,13.9,9560
3558,Regional,5,1864.0,22.4,4225
3559,Regional,10,2635.0,20.0,10645
3561,Regional,2,1166.0,22.9,4551
3562,Regional,2,1258.0,28.7,4338
3563,Regional,1,1062.0,24.7,5990
3565,Regional,10,2398.0,25.7,9520
3566,Regional,2,1118.0,23.3,7029
3567,Regional,2,1246.0,26.4,2773
3568,Regional,4,1522.0,27.6,10736
3569,Regional,8,2249.0,28.0,4036
3570,Regional,4,1637.0,21.2,2543
3571,Regional,1,730.0,18.5,2182
3573,Regional,2,1368.0,22.8,13078
3574,Regional,5,1471.0,26.6,14917
3580,Regional,3,1361.0,28.0,4346
3582,Regional,2,1208.0,23.0,5054
3583,Regional,3,1342.0,23.6,5821
3584,Regional,3,1383.0,28.0,2836
3585,Regional,1,952.0,23.5,6507
3587,Regional,5,1612.0,24.1,8353
3588,Regional,7,2027.0,24.4,4666
3589,Regional,1,1041.0,22.1,6931
3591,Regional,7,1957.0,18.0,4689
3592,Regional,3,1398.0,31.2,11046
3593,Regional,2,1086.0,20.4,3470
3594,Regional,4,1459.0,18.1,4540
3596,Regional,1,990.0,21.9,14115
3597,Regional,2,1243.0,23.1,6700
3600,Regional,7,2002.0,22.1,25371
3602,Regional,3,1406.0,21.1,9354
3605,Regional,9,2572.0,22.3,12052
3606,Regional,2,1132.0,28.8,8859
3613,Regional,2,1345.0,21.4,3820
3614,Regional,4,1370.0,22.1,10525
3615,Regional,7,2116.0,26.1,3317
3618,Regional,7,2015.0,17.4,2250
3620,Regional,2,1442.0,18.2,7587
3622,Regional,2,1127.0,20.0,10920
3623,Regional,2,1088.0,22.1,12614
3626,Regional,3,1485.0,25.5,7696
3627,Regional,2,1238.0,16.6,5759
3628,Regional,1,1027.0,20.4,5534
3632,Regional,6,1578.0,17.3,8254
3633,Regional,2,1235.0,16.8,10954
3635,Regional,8,2195.0,16.1,6102
3636,Regional,4,1538.0,24.7,8791
3640,Regional,1,924.0,23.2,12022
3641,Regional,6,2024.0,21.9,12341
3642,Regional,2,1186.0,24.8,12087
3643,Regional,3,1328.0,23.8,9916
3644,Regional,3,1170.0,23.8,16971
3645,Regional,1,993.0,29.8,3546
3646,Regional,8,2075.0,23.2,16444
3647,Regional,2,1351.0,12.6,6289
3649,Regional,5,1726.0,23.7,2382
3651,Regional,2,1114.0,26.1,6474
3652,Regional,4,1504.0,23.8,7284
3653,Regional,7,2210.0,18.9,2723
3654,Regional,2,1203.0,18.8,6111
3656,Regional,3,1355.0,22.4,1618
3657,Regional,4,1749.0,24.4,16648
3661,Regional,1,1061.0,26.0,5139
3662,Regional,4,1635.0,15.2,5986
3663,Regional,10,2504.0,21.4,10661
3665,Regional,7,1990.0,25.7,6043
3666,Regional,4,1627.0,24.8,2823
3667,Regional,2,1180.0,31.9,1885
3668,Regional,1,1059.0,20.3,8929
3669,Regional,8,2198.0,16.3,9695
3670,Regional,6,1866.0,24.6,4629
3674,Regional,6,1850.0,26.9,1805
3675,Regional,3,1198.0,18.6,7300
3676,Regional,1,1172.0,23.0,5941
3677,Regional,4,1454.0,22.8,8689
3679,Regional,4,1382.0,23.5,3729
3682,Regional,1,1026.0,27.4,1711
3683,Regional,3,1277.0,30.8,4318
3685,Regional,5,1847.0,19.6,9541
3686,Regional,1,1093.0,21.7,11204
3688,Regional,2,1116.0,17.1,4873
3689,Regional,2,1080.0,25.4,4283
3690,Regional,6,1943.0,17.2,2030
3691,Regional,3,1272.0,22.7,12252
3693,Regional,5,1532.0,23.3,4571
3694,Regional,3,1157.0,27.1,3904
3695,Regional,3,1441.0,22.1,3509
3698,Regional,1,829.0,21.1,4722
3699,Regional,3,1214.0,19.9,7692
3702,Regional,10,2629.0,23.7,4769
3703,Regional,6,1962.0,20.1,13468
3704,Regional,5,1555.0,21.9,8840
3706,Regional,7,1962.0,23.8,7474
3709,Regional,1,1133.0,27.6,13032
3710,Regional,7,2061.0,25.3,2910
3711,Regional,7,1980.0,15.9,6521
3712,Regional,5,1710.0,17.7,9636
3713,Regional,8,2256.0,22.1,9795
3714,Regional,1,883.0,24.9,4649
3715,Regional,1,894.0,23.8,2921
3716,Regional,8,2339.0,25.5,1970
3717,Regional,3,1566.0,27.8,8069
3719,Regional,9,2484.0,20.2,5702
3720,Regional,3,1333.0,22.9,5405
3721,Regional,3,1274.0,26.2,6673
3724,Regional,7,2043.0,24.2,5825
3725,Regional,3,1482.0,18.6,4430
3727,Regional,1,1167.0,18.1,9410
3728,Regional,3,1355.0,15.8,2680
3730,Regional,2,1234.0,22.5,3064
3731,Regional,8,2033.0,18.6,2747
3735,Regional,7,2020.0,18.6,4888
3738,Regional,1,1192.0,17.2,8724
3739,Regional,3,1339.0,22.0,3798
3741,Regional,7,2091.0,15.5,6552
3743,Regional,1,1124.0,18.6,10532
3744,Regional,1,1114.0,21.5,17326
3746,Regional,2,1198.0,24.2,10019
3747,Regional,9,2309.0,20.5,4458
3749,Regional,4,1267.0,24.4,2463
3751,Metropolitan,10,2557.0,12.9,3317
3752,Metropolitan,8,2319.0,12.2,10456
3753,Metropolitan,9,2612.0,12.2,15860
3754,Metropolitan,10,2721.0,9.9,11448
3755,Metropolitan,1,1303.0,15.9,47646
3758,Metropolitan,8,2210.0,17.9,6879
3761,Metropolitan,9,2313.0,16.0,10319
3762,Metropolitan,8,2428.0,16.3,3778
3763,Metropolitan,6,2230.0,15.6,29590
3766,Metropolitan,5,1870.0,15.4,10330
3767,Metropolitan,10,2631.0,13.4,5017
3772,Metropolitan,10,2802.0,9.2,13378
3773,Metropolitan,4,1845.0,10.9,35326
3774,Metropolitan,9,2381.0,10.0,48005
3775,Metropolitan,9,2485.0,16.7,12711
3779,Metropolitan,7,2307.0,11.7,21458
3781,Metropolitan,7,2216.0,16.2,11441
3782,Metropolitan,6,1921.0,10.2,12908
3783,Metropolitan,9,2491.0,12.4,10796
3785,Metropolitan,7,2081.0,10.5,37683
3789,Metropolitan,9,2352.0,15.8,9687
3790,Metropolitan,9,2564.0,20.4,4389
3792,Metropolitan,10,2542.0,8.7,7506
3793,Metropolitan,9,2512.0,14.4,10198
3794,Metropolitan,3,1394.0,12.2,16332
3795,Metropolitan,5,1898.0,17.1,10501
3797,Metropolitan,8,2313.0,19.6,16496
3798,Metropolitan,1,1135.0,13.9,16669
3799,Metropolitan,7,2001.0,17.6,11780
3801,Metropolitan,6,2043.0,13.9,21981
3802,Metropolitan,4,1622.0,12.3,8460
3804,Metropolitan,2,1239.0,14.1,7999
3805,Metropolitan,1,1214.0,20.0,25735
3806,Metropolitan,4,1782.0,16.4,15265
3809,Metropolitan,10,2895.0,12.9,2614
3811,Regional,3,1377.0,21.6,4575
3812,Regional,4,1551.0,19.8,8325
3814,Regional,2,1072.0,24.9,14376
3815,Regional,1,933.0,30.5,8966
3816,Regional,9,2513.0,19.9,7255
3817,Regional,5,1641.0,18.0,11063
3818,Regional,10,2761.0,21.5,10937
3819,Regional,5,1547.0,23.6,11874
3823,Regional,2,1167.0,26.4,3038
3824,Regional,7,2014.0,16.8,5674
3825,Regional,2,1107.0,23.6,2431
3826,Regional,10,2511.0,17.1,11264
3827,Regional,3,1334.0,27.2,4002
3828,Regional,3,1378.0,25.0,3259
3829,Regional,5,1687.0,21.0,17552
3830,Regional,2,1312.0,18.2,3130
3834,Regional,3,1656.0,29.1,4688
3835,Regional,3,1447.0,21.7,5938
3836,Regional,1,1066.0,26.1,5321
3837,Regional,4,1410.0,15.1,11670
3841,Regional,4,1463.0,22.5,8509
3842,Regional,3,1156.0,25.1,3274
3843,Regional,3,1417.0,14.5,9511
3844,Regional,1,842.0,23.9,5000
3846,Regional,2,1271.0,27.1,4217
3848,Regional,6,1779.0,16.1,8385
3849,Regional,4,1573.0,21.5,7631
3851,Regional,2,1252.0,21.3,6396
3852,Regional,1,794.0,20.6,3554
3853,Regional,4,1435.0,19.7,6192
3854,Regional,3,1403.0,19.1,2863
3855,Regional,3,1417.0,19.5,9231
3856,Regional,4,1626.0,21.7,4945
3857,Regional,3,1319.0,22.5,5559
3858,Regional,3,1349.0,17.5,8855
3860,Regional,2,1404.0,20.4,5210
3862,Regional,5,1724.0,22.0,7777
3863,Regional,1,1119.0,27.1,3827
3867,Regional,6,1838.0,25.6,6916
3868,Regional,7,1859.0,21.0,10155
3869,Regional,3,1416.0,22.7,1957
3870,Regional,1,1085.0,17.8,4470
3871,Regional,6,1983.0,21.6,6195
3872,Regional,5,1592.0,14.9,5279
3873,Regional,6,1785.0,20.0,7697
3875,Regional,1,761.0,18.2,11549
3876,Regional,4,1597.0,19.2,6160
3877,Regional,3,1458.0,22.7,7667
3878,Regional,1,939.0,23.6,7448
3879,Regional,5,1647.0,26.1,10569
3880,Regional,4,1504.0,22.7,9156
3882,Regional,7,2231.0,19.2,14340
3883,Regional,3,1469.0,24.5,11262
3884,Regional,3,1497.0,16.3,4101
3887,Regional,2,1172.0,28.5,6882
3888,Regional,4,1477.0,14.4,10474
3889,Regional,3,1492.0,24.6,6385
3890,Regional,1,821.0,24.7,1131
3891,Regional,9,2442.0,18.4,17153
3893,Regional,7,1884.0,19.4,7661
3894,Regional,7,2134.0,15.8,7019
3897,Regional,4,1591.0,22.3,7167
3898,Regional,3,1253.0,24.1,3637
3900,Regional,6,1896.0,19.4,6000
3902,Regional,10,2414.0,21.6,4792
3904,Regional,6,1744.0,23.7,3619
3905,Regional,1,973.0,20.1,6445
3906,Regional,7,1948.0,24.0,7536
3907,Regional,3,1478.0,23.8,11421
3909,Regional,1,1270.0,23.1,7031
3910,Metropolitan,7,2190.0,16.7,13468
3911,Metropolitan,5,1849.0,15.7,20722
3914,Metropolitan,7,2279.0,11.5,27763
3915,Metropolitan,8,2321.0,11.4,26430
3916,Metropolitan,9,2583.0,14.2,12870
3917,Metropolitan,9,2303.0,17.3,15582
3920,Metropolitan,10,2616.0,13.7,12451
3921,Metropolitan,7,2004.0,12.6,53033
3922,Metropolitan,10,2469.0,13.2,26694
3927,Metropolitan,10,2813.0,9.0,30731
3933,Metropolitan,7,2152.0,18.0,8232
3934,Metropolitan,3,1697.0,20.1,18502
3935,Metropolitan,6,2199.0,20.1,34295
3936,Metropolitan,9,2521.0,16.5,7011
3937,Metropolitan,8,2308.0,11.3,14017
3938,Metropolitan,4,1588.0,14.4,4722
3939,Metropolitan,10,2405.0,11.7,89866
3940,Metropolitan,8,2294.0,15.2,17122
3941,Metropolitan,4,1645.0,19.6,11000
3942,Metropolitan,10,2617.0,5.0,25475
3944,Metropolitan,7,2072.0,15.4,11792
3945,Metropolitan,6,2008.0,15.1,22049
3946,Metropolitan,8,2314.0,14.6,11338
3947,Metropolitan,8,2374.0,16.0,29687
3949,Metropolitan,10,2579.0,10.0,10116
3950,Metropolitan,9,2753.0,16.6,16385
3951,Metropolitan,5,1913.0,15.7,8170
3954,Metropolitan,7,2168.0,13.3,16550
3956,Metropolitan,3,1414.0,15.2,13998
3957,Metropolitan,6,1901.0,12.8,7068
3963,Metropolitan,9,2622.0,13.7,44138
3967,Metropolitan,7,2138.0,16.0,13318
3971,Metropolitan,9,2533.0,8.9,14921
3975,Metropolitan,6,2067.0,13.1,26235
3976,Metropolitan,8,2292.0,12.0,8473
3978,Metropolitan,3,1538.0,15.0,7838
3979,Regional,6,1645.0,20.3,4110
3981,Regional,8,2092.0,14.5,11551
3987,Regional,1,786.0,24.4,3394
3989,Regional,8,2158.0,24.8,28912
3991,Regional,2,1136.0,20.0,7058
3994,Regional,1,1227.0,23.3,7682
3995,Regional,2,1093.0,20.1,8169
3996,Regional,3,1374.0,22.9,4215
