retailer_id,retailer_name,size_band,sells_electricity,sells_gas,market_entry,market_exit
R01,Coreline Power,Large,Yes,Yes,2002-01-01,
R02,Everly Energy,Large,Yes,Yes,2015-07-01,
R03,Harbour Energy,Large,Yes,Yes,2015-07-01,
R04,Southgate Energy,Large,Yes,Yes,2004-07-01,
R05,Tidewell Energy,Large,Yes,Yes,2015-07-01,
R06,Brightwave Energy,Medium,Yes,Yes,2015-07-01,
R07,Summit Energy,Medium,Yes,Yes,2015-07-01,
R08,Kestrel Power,Medium,Yes,Yes,2011-03-01,
R09,Lumen Energy,Medium,Yes,Yes,2015-07-01,
R10,Bayside Energy,Medium,Yes,Yes,2012-09-01,
R11,Greenfield Power,Medium,Yes,No,2015-07-01,
R12,Northstar Energy,Medium,Yes,Yes,2015-07-01,
R13,Riverbend Energy,Medium,Yes,Yes,2016-02-01,
R14,Nexa Energy,Small,Yes,Yes,2015-07-01,
R15,Solace Power,Small,Yes,Yes,2015-07-01,
R16,Voltly,Small,Yes,No,2015-07-01,
R17,Cobalt Energy,Small,Yes,Yes,2018-05-01,
R18,Wattson Energy,Small,Yes,No,2023-01-01,
R19,Pacifica Energy,Small,Yes,Yes,2015-07-01,2024-06-30
R20,Ember Energy,Small,Yes,No,2015-07-01,
